{
  "best_global_step": null,
  "best_metric": null,
  "best_model_checkpoint": null,
  "epoch": 1.0,
  "eval_steps": 500,
  "global_step": 30,
  "is_hyper_param_search": false,
  "is_local_process_zero": true,
  "is_world_process_zero": true,
  "log_history": [
    {
      "entropy": 10.824579238891602,
      "epoch": 0.16666666666666666,
      "grad_norm": 0.0002544102899264544,
      "learning_rate": 4.333333333333334e-06,
      "logits/chosen": -1.4908098080101604e-05,
      "logits/rejected": -2.268068732091171e-05,
      "logps/chosen": -344.1311889648438,
      "logps/rejected": -183.95442810058594,
      "loss": 0.6931471824645996,
      "mean_token_accuracy": 0.0,
      "num_tokens": 538.0,
      "rewards/accuracies": 0.0,
      "rewards/chosen": 0.0,
      "rewards/margins": 0.0,
      "rewards/rejected": 0.0,
      "step": 5
    },
    {
      "entropy": 10.824574279785157,
      "epoch": 0.3333333333333333,
      "grad_norm": 0.00031100198975764215,
      "learning_rate": 3.5e-06,
      "logits/chosen": -1.6863705617679667e-05,
      "logits/rejected": -2.2311084424419438e-05,
      "logps/chosen": -352.7900085449219,
      "logps/rejected": -183.96025695800782,
      "loss": 0.6931469917297364,
      "mean_token_accuracy": 0.0,
      "num_tokens": 1076.0,
      "rewards/accuracies": 0.2,
      "rewards/chosen": 0.0,
      "rewards/margins": 3.051757857974735e-07,
      "rewards/rejected": -3.051757857974735e-07,
      "step": 10
    },
    {
      "entropy": 10.82457389831543,
      "epoch": 0.5,
      "grad_norm": 3.2347026717616245e-05,
      "learning_rate": 2.666666666666667e-06,
      "logits/chosen": -1.5206259486275935e-05,
      "logits/rejected": -2.0404998555450756e-05,
      "logps/chosen": -352.81194458007815,
      "logps/rejected": -183.9836181640625,
      "loss": 0.6931473255157471,
      "mean_token_accuracy": 0.0,
      "num_tokens": 1624.0,
      "rewards/accuracies": 0.0,
      "rewards/chosen": 0.0,
      "rewards/margins": -3.051757857974735e-07,
      "rewards/rejected": 3.051757857974735e-07,
      "step": 15
    },
    {
      "entropy": 10.82457618713379,
      "epoch": 0.6666666666666666,
      "grad_norm": 0.0013238111278042197,
      "learning_rate": 1.8333333333333333e-06,
      "logits/chosen": -1.1383698996181084e-05,
      "logits/rejected": -1.4111634792403922e-05,
      "logps/chosen": -376.6516357421875,
      "logps/rejected": -183.9579620361328,
      "loss": 0.6931476593017578,
      "mean_token_accuracy": 0.0,
      "num_tokens": 2205.0,
      "rewards/accuracies": 0.0,
      "rewards/chosen": -6.10351571594947e-07,
      "rewards/margins": -9.155273801297881e-07,
      "rewards/rejected": 3.051757857974735e-07,
      "step": 20
    },
    {
      "entropy": 10.824570655822754,
      "epoch": 0.8333333333333334,
      "grad_norm": 0.000862855464220047,
      "learning_rate": 1.0000000000000002e-06,
      "logits/chosen": -1.741783285073411e-05,
      "logits/rejected": -1.7664136419839718e-05,
      "logps/chosen": -365.7019470214844,
      "logps/rejected": -183.95532836914063,
      "loss": 0.6931473255157471,
      "mean_token_accuracy": 0.0,
      "num_tokens": 2747.0,
      "rewards/accuracies": 0.2,
      "rewards/chosen": -6.10351571594947e-07,
      "rewards/margins": -3.051757857974735e-07,
      "rewards/rejected": -3.051757857974735e-07,
      "step": 25
    },
    {
      "entropy": 10.82458782196045,
      "epoch": 1.0,
      "grad_norm": 0.005809538997709751,
      "learning_rate": 1.6666666666666668e-07,
      "logits/chosen": -1.3496459784578536e-05,
      "logits/rejected": -1.560094139730448e-05,
      "logps/chosen": -365.8177551269531,
      "logps/rejected": -184.0117980957031,
      "loss": 0.6931473255157471,
      "mean_token_accuracy": 0.0,
      "num_tokens": 3305.0,
      "rewards/accuracies": 0.0,
      "rewards/chosen": 0.0,
      "rewards/margins": -3.051757857974735e-07,
      "rewards/rejected": 3.051757857974735e-07,
      "step": 30
    }
  ],
  "logging_steps": 5,
  "max_steps": 30,
  "num_input_tokens_seen": 0,
  "num_train_epochs": 1,
  "save_steps": 15,
  "stateful_callbacks": {
    "TrainerControl": {
      "args": {
        "should_epoch_stop": false,
        "should_evaluate": false,
        "should_log": false,
        "should_save": true,
        "should_training_stop": true
      },
      "attributes": {}
    }
  },
  "total_flos": 9282816.0,
  "train_batch_size": 1,
  "trial_name": null,
  "trial_params": null
}
